timestamp,elapsed_s,sent_bytes,sent_pkts,dropped,overlimits,backlog_bytes,backlog_pkts
53499.490,0.000,180,2,0,0,0,0
53499.590,0.100,180,2,0,0,0,0
53499.690,0.201,180,2,0,0,0,0
53499.791,0.301,180,2,0,0,0,0
53499.891,0.401,180,2,0,0,0,0
53499.991,0.501,180,2,0,0,0,0
53500.091,0.602,180,2,0,0,0,0
53500.191,0.702,180,2,0,0,0,0
53500.292,0.802,180,2,0,0,0,0
53500.392,0.902,180,2,0,0,0,0
53500.492,1.002,180,2,0,0,0,0
53500.592,1.103,180,2,0,0,0,0
53500.693,1.203,180,2,0,0,0,0
53500.793,1.303,180,2,0,0,0,0
53500.893,1.403,180,2,0,0,0,0
53500.993,1.504,180,2,0,0,0,0
53501.093,1.604,180,2,0,0,0,0
53501.194,1.704,180,2,0,0,0,0
53501.294,1.804,180,2,0,0,0,0
53501.394,1.904,180,2,0,0,0,0
53501.494,2.005,180,2,0,0,0,0
53501.595,2.105,222,3,0,0,0,0
53501.695,2.205,222,3,0,0,74,1
53501.795,2.305,296,4,0,0,15206,11
53501.895,2.405,15502,15,0,18,30280,20
53501.995,2.506,45782,35,0,56,60560,40
53502.095,2.606,106342,75,0,134,81756,54
53502.196,2.706,209294,143,0,297,99924,66
53502.296,2.806,330414,223,0,530,127176,84
53502.396,2.906,456076,306,0,779,133232,88
53502.496,3.006,580224,388,0,1020,137774,91
53502.596,3.106,705886,471,4,1231,139288,92
53502.696,3.207,831548,554,7,1447,130204,86
53502.796,3.307,957210,637,7,1670,90840,60
53502.897,3.407,1081358,719,7,1911,84784,56
53502.997,3.507,1205506,801,7,2148,87812,58
53503.097,3.607,1331168,884,7,2397,92354,61
53503.197,3.707,1458344,968,7,2648,95382,63
53503.297,3.807,1582492,1050,7,2895,99924,66
53503.397,3.908,1708154,1133,7,3124,102952,68
53503.497,4.008,1832302,1215,7,3331,104466,69
53503.598,4.108,1957964,1298,7,3540,105980,70
53503.698,4.208,2082112,1380,7,3748,112036,74
53503.798,4.308,2207774,1463,7,3957,115064,76
53503.898,4.408,2333436,1546,7,4165,113550,75
53503.998,4.508,2457584,1628,7,4372,116578,77
53504.098,4.608,2583246,1711,7,4581,118092,78
53504.198,4.709,2708908,1794,7,4791,122634,81
53504.298,4.809,2834570,1877,7,5000,124148,82
53504.399,4.909,2958718,1959,7,5206,125662,83
53504.499,5.009,3084380,2042,7,5416,128690,85
53504.599,5.109,3208528,2124,7,5623,133232,88
53504.699,5.209,3334190,2207,7,5831,131718,87
53504.799,5.309,3459852,2290,7,6041,134746,89
53504.899,5.409,3585514,2373,7,6249,134746,89
53504.999,5.510,3709662,2455,7,6455,136260,90
53505.099,5.610,3833810,2537,7,6662,139288,92
53505.200,5.710,3960986,2621,8,6873,136260,90
53505.300,5.810,4086648,2704,9,7086,128690,85
53505.400,5.910,4210796,2786,9,7307,90840,60
53505.500,6.010,4334944,2868,9,7544,78728,52
53505.600,6.110,4460606,2951,9,7773,80242,53
53505.700,6.211,4586268,3034,9,7982,81756,54
53505.800,6.311,4710416,3116,9,8189,84784,56
53505.901,6.411,4836078,3199,9,8398,86298,57
53506.001,6.511,4960226,3281,9,8606,90840,60
53506.101,6.611,5087402,3365,9,8817,90840,60
53506.201,6.711,5211550,3447,9,9024,93868,62
53506.301,6.811,5337212,3530,9,9232,92354,61
53506.401,6.911,5461360,3612,9,9438,93868,62
53506.501,7.012,5588536,3696,9,9650,96896,64
53506.601,7.112,5712684,3778,9,9856,96896,64
53506.702,7.212,5838346,3861,9,10067,101438,67
53506.802,7.312,5962494,3943,9,10273,99924,66
53506.902,7.412,6088156,4026,9,10482,99924,66
53507.002,7.512,6213818,4109,9,10693,104466,69
53507.102,7.612,6337966,4191,9,10899,104466,69
53507.202,7.712,6462114,4273,9,11106,105980,70
53507.302,7.813,6589290,4357,9,11317,105980,70
53507.402,7.913,6714952,4440,9,11526,104466,69
53507.503,8.013,6839100,4522,9,11734,107494,71
53507.603,8.113,6963248,4604,9,11941,107494,71
53507.703,8.213,7088910,4687,9,12150,109008,72
53507.803,8.313,7214572,4770,9,12359,110522,73
53507.903,8.413,7340234,4853,9,12567,109008,72
53508.003,8.513,7464382,4935,9,12773,110522,73
53508.103,8.614,7590044,5018,9,12981,109008,72
53508.203,8.714,7715706,5101,9,13189,107494,71
53508.304,8.814,7839854,5183,9,13395,107494,71
53508.404,8.914,7964002,5265,9,13601,109008,72
53508.504,9.014,8089664,5348,9,13810,110522,73
53508.604,9.114,8215326,5431,9,14018,109008,72
53508.704,9.214,8340988,5514,9,14226,107494,71
53508.804,9.314,8466650,5597,9,14435,109008,72
53508.904,9.415,8590798,5679,9,14641,109008,72
53509.004,9.515,8716460,5762,9,14849,109008,72
53509.105,9.615,8842122,5845,9,15057,107494,71
53509.205,9.715,8966270,5927,9,15263,107494,71
53509.305,9.815,9091932,6010,9,15472,109008,72
53509.405,9.915,9217594,6093,9,15680,107494,71
53509.505,10.015,9343256,6176,9,15888,105980,70
53509.605,10.116,9467404,6258,9,16094,107494,71
53509.705,10.216,9593066,6341,9,16303,109008,72
53509.805,10.316,9717214,6423,9,16509,109008,72
53509.906,10.416,9842876,6506,9,16717,107494,71
53510.006,10.516,9968538,6589,9,16925,105980,70
53510.106,10.616,10092686,6671,9,17132,109008,72
53510.206,10.716,10218348,6754,9,17340,109008,72
53510.306,10.816,10344010,6837,9,17548,107494,71
53510.406,10.917,10469672,6920,9,17757,109008,73
53510.506,11.017,10592306,7001,9,17960,107494,71
53510.606,11.117,10717968,7084,9,18170,112036,74
53510.707,11.217,10843630,7167,9,18379,112036,74
53510.807,11.317,10969292,7250,9,18587,112036,74
53510.907,11.417,11094954,7333,9,18796,110522,73
53511.007,11.517,11219102,7415,9,19003,112036,74
53511.107,11.617,11344764,7498,9,19212,112036,74
53511.207,11.717,11468912,7580,9,19419,113550,75
53511.307,11.818,11594574,7663,9,19629,115064,76
53511.407,11.918,11720236,7746,9,19838,116578,77
53511.508,12.018,11844384,7828,9,20045,116578,77
53511.608,12.118,11970046,7911,9,20255,118092,78
53511.708,12.218,12095708,7994,9,20463,118092,78
53511.808,12.318,12221370,8077,9,20673,119606,79
53511.908,12.418,12345518,8159,9,20879,119606,79
53512.008,12.519,12471180,8242,9,21088,121120,80
53512.108,12.619,12595328,8324,9,21295,124148,82
53512.209,12.719,12722504,8408,9,21506,125662,83
53512.309,12.819,12846652,8490,9,21713,127176,84
53512.409,12.919,12972314,8573,9,21921,127176,84
53512.509,13.019,13096462,8655,9,22128,130204,86
53512.609,13.119,13222124,8738,9,22338,133232,88
53512.709,13.220,13347786,8821,9,22546,133232,88
53512.809,13.320,13474962,8905,9,22758,136260,90
53512.910,13.420,13597596,8986,9,22962,137774,91
53513.010,13.520,13723258,9069,9,23170,137774,91
53513.110,13.620,13848920,9152,12,23380,137774,91
53513.210,13.720,13973068,9234,14,23594,127176,84
53513.310,13.820,14098730,9317,14,23817,87812,58
53513.410,13.921,14222878,9399,14,24058,81756,54
53513.510,14.021,14348540,9482,14,24284,83270,55
53513.610,14.121,14474202,9565,14,24494,87812,58
53513.711,14.221,14599864,9648,14,24704,92354,61
53513.811,14.321,14724012,9730,14,24910,93868,62
53513.911,14.421,14849674,9813,14,25120,98410,65
53514.011,14.521,14975336,9896,14,25330,101438,67
53514.111,14.621,15099484,9978,14,25537,104466,69
53514.211,14.721,15223632,10060,14,25744,109008,72
53514.311,14.822,15349294,10143,14,25953,110522,73
53514.412,14.922,15474956,10226,14,26163,115064,76
53514.512,15.022,15599104,10308,14,26369,115064,76
53514.612,15.122,15726280,10392,14,26581,118092,78
53514.712,15.222,15850428,10474,14,26787,118092,78
53514.812,15.322,15976090,10557,14,26996,121120,80
53514.912,15.422,16101752,10640,14,27206,122634,81
53515.012,15.523,16225900,10722,14,27414,125662,83
53515.112,15.623,16350048,10804,14,27621,128690,85
53515.213,15.723,16475710,10887,14,27830,130204,86
53515.313,15.823,16601372,10970,14,28039,131718,87
53515.413,15.923,16727034,11053,14,28247,131718,87
53515.513,16.023,16852696,11136,14,28456,133232,88
53515.613,16.123,16976844,11218,14,28663,136260,90
53515.713,16.223,17102506,11301,14,28871,134746,89
53515.813,16.324,17228168,11384,14,29081,139288,92
53515.913,16.424,17352316,11466,14,29287,139288,92
53516.014,16.524,17477978,11549,15,29496,139288,92
53516.114,16.624,17603640,11632,16,29705,137774,91
53516.214,16.724,17729302,11715,16,29928,102952,68
53516.314,16.824,17853450,11797,16,30158,78728,52
53516.414,16.924,17979112,11880,16,30386,78728,52
53516.514,17.025,18103260,11962,16,30593,81756,54
53516.614,17.125,18227408,12044,16,30801,84784,56
53516.714,17.225,18353070,12127,16,31011,86298,57
53516.815,17.325,18478732,12210,16,31222,89326,59
53516.915,17.425,18604394,12293,16,31432,92354,61
53517.015,17.525,18730056,12376,16,31641,90840,60
53517.115,17.625,18854204,12458,16,31849,92354,61
53517.215,17.725,18979866,12541,16,32060,93868,62
53517.315,17.825,19105528,12624,16,32270,95382,63
53517.415,17.926,19229676,12706,16,32478,98410,65
53517.515,18.026,19355338,12789,16,32688,99924,66
53517.616,18.126,19479486,12871,16,32895,101438,67
53517.716,18.226,19605148,12954,16,33104,99924,66
53517.816,18.326,19730810,13037,16,33314,104466,69
53517.916,18.426,19854958,13119,16,33521,104466,69
53518.016,18.526,19980620,13202,16,33731,105980,70
53518.116,18.627,20106282,13285,16,33940,107494,71
53518.216,18.727,20230430,13367,16,34146,105980,70
53518.317,18.827,20356092,13450,16,34356,109008,72
53518.417,18.927,20481754,13533,16,34564,107494,71
53518.517,19.027,20605902,13615,16,34770,107494,71
53518.617,19.127,20731564,13698,16,34980,110522,73
53518.717,19.227,20857226,13781,16,35188,109008,72
53518.817,19.327,20982888,13864,16,35397,109008,72
53518.917,19.428,21107036,13946,16,35604,109008,72
53519.017,19.528,21231184,14028,16,35810,109008,72
53519.118,19.628,21356846,14111,16,36019,107494,71
53519.218,19.728,21482508,14194,16,36229,110522,73
53519.318,19.828,21608170,14277,16,36437,107494,71
53519.418,19.928,21733832,14360,16,36646,107494,71
53519.518,20.028,21857980,14442,16,36853,109008,72
53519.618,20.129,21982128,14524,16,37060,110522,73
53519.718,20.229,22107790,14607,16,37269,110522,73
53519.819,20.329,22233452,14690,16,37478,110522,73
53519.919,20.429,22359114,14773,16,37687,109008,72
53520.019,20.529,22483262,14855,16,37893,109008,72
53520.119,20.629,22608924,14938,16,38102,109008,72
53520.219,20.729,22734586,15021,16,38312,110522,73
53520.319,20.830,22860248,15104,16,38520,109008,72
53520.419,20.930,22984396,15186,16,38727,109008,72
53520.519,21.030,23110058,15269,16,38936,109008,72
53520.620,21.130,23235720,15352,16,39145,109008,72
53520.720,21.230,23359868,15434,16,39352,110522,73
53520.820,21.330,23485530,15517,16,39561,110522,73
53520.920,21.430,23609678,15599,16,39767,109008,72
53521.020,21.530,23735340,15682,16,39976,109008,72
53521.120,21.631,23861002,15765,16,40185,109008,72
53521.220,21.731,23985150,15847,16,40392,109008,72
53521.321,21.831,24110812,15930,16,40601,110522,73
53521.421,21.931,24236474,16013,16,40810,112036,74
53521.521,22.031,24360622,16095,16,41016,112036,74
53521.621,22.131,24486284,16178,16,41224,109008,72
53521.721,22.231,24610432,16260,16,41431,112036,74
53521.821,22.331,24736094,16343,16,41640,110522,73
53521.921,22.432,24861756,16426,16,41850,113550,75
53522.021,22.532,24987418,16509,16,42059,113550,75
53522.122,22.632,25113080,16592,16,42268,112036,74
53522.222,22.732,25235714,16673,16,42473,115064,76
53522.322,22.832,25362890,16757,16,42686,118092,78
53522.422,22.932,25487038,16839,16,42892,118092,78
53522.522,23.032,25614214,16923,16,43103,115064,76
53522.622,23.133,25738362,17005,16,43311,119606,79
53522.722,23.233,25864024,17088,16,43520,119606,79
53522.823,23.333,25989686,17171,16,43729,119606,79
53522.923,23.433,26113834,17253,16,43937,124148,82
53523.023,23.533,26237982,17335,16,44143,122634,81
53523.123,23.633,26363644,17418,16,44353,127176,84
53523.223,23.733,26489306,17501,16,44561,125662,83
53523.323,23.834,26614968,17584,16,44770,128690,85
53523.423,23.934,26739116,17666,16,44978,133232,88
53523.524,24.034,26864778,17749,16,45185,130204,86
53523.624,24.134,26990440,17832,16,45395,134746,89
53523.724,24.234,27114588,17914,16,45603,139288,92
53523.824,24.334,27240250,17997,17,45811,137774,91
53523.924,24.434,27365912,18080,19,46020,136260,90
53524.024,24.534,27490060,18162,20,46235,118092,78
53524.124,24.635,27615722,18245,20,46459,80242,53
53524.225,24.735,27739870,18327,20,46703,80242,53
53524.325,24.835,27865532,18410,20,46912,83270,55
53524.425,24.935,27991194,18493,20,47122,87812,58
53524.525,25.035,28116856,18576,20,47331,89326,59
53524.625,25.135,28241004,18658,20,47539,95382,63
53524.725,25.235,28366666,18741,20,47749,98410,65
53524.825,25.336,28492328,18824,20,47958,101438,67
53524.925,25.436,28617990,18907,20,48166,101438,67
53525.026,25.536,28742138,18989,20,48374,107494,71
53525.126,25.636,28867800,19072,20,48584,110522,73
53525.226,25.736,28991948,19154,20,48790,112036,74
53525.326,25.836,29117610,19237,20,48999,113550,75
53525.426,25.936,29243272,19320,20,49209,115064,76
53525.526,26.037,29368934,19403,20,49419,119606,79
53525.626,26.137,29493082,19485,20,49626,119606,79
53525.726,26.237,29617230,19567,20,49834,122634,81
53525.827,26.337,29744406,19651,20,50046,125662,83
53525.927,26.437,29868554,19733,20,50252,124148,82
53526.027,26.537,29994216,19816,20,50464,130204,86
53526.127,26.637,30118364,19898,20,50671,133232,88
53526.227,26.737,30244026,19981,20,50880,133232,88
53526.327,26.838,30369688,20064,20,51089,131718,87
53526.427,26.938,30495350,20147,20,51298,133232,88
53526.527,27.038,30619498,20229,20,51505,134746,89
53526.628,27.138,30745160,20312,20,51714,136260,90
53526.728,27.238,30869308,20394,20,51922,139288,92
53526.828,27.338,30994970,20477,20,52131,137774,91
53526.928,27.438,31119118,20559,21,52338,137774,91
53527.028,27.538,31246294,20643,22,52551,136260,90
53527.128,27.639,31370442,20725,22,52772,98410,65
53527.228,27.739,31494590,20807,22,53004,77214,51
53527.328,27.839,31621766,20891,22,53243,77214,51
53527.429,27.939,31747428,20974,22,53453,81756,54
53527.529,28.039,31870062,21055,22,53658,86298,57
53527.629,28.139,31995724,21138,22,53867,84784,56
53527.729,28.239,32121386,21221,22,54077,89326,59
53527.829,28.339,32247048,21304,22,54286,90840,60
53527.929,28.440,32372710,21387,22,54495,93868,62
53528.029,28.540,32496858,21469,22,54701,93868,62
53528.130,28.640,32622520,21552,22,54910,93868,62
53528.230,28.740,32748182,21635,22,55119,96896,64
53528.330,28.840,32873844,21718,22,55328,98410,65
53528.430,28.940,32996478,21799,22,55532,99924,66
53528.530,29.040,33122140,21882,22,55741,101438,67
53528.630,29.140,33247802,21965,22,55950,102952,68
53528.730,29.241,33373464,22048,22,56158,102952,68
53528.830,29.341,33497612,22130,22,56364,102952,68
53528.931,29.441,33623274,22213,22,56574,105980,70
53529.031,29.541,33748936,22296,22,56782,105980,70
53529.131,29.641,33873084,22378,22,56988,105980,70
53529.231,29.741,33998746,22461,22,57197,107494,71
53529.331,29.841,34124408,22544,22,57406,107494,71
53529.431,29.941,34250070,22627,22,57615,107494,71
53529.531,30.042,34374218,22709,22,57822,109008,72
53529.631,30.142,34499880,22792,22,58032,110522,73
53529.732,30.242,34624028,22874,22,58237,107494,71
53529.832,30.342,34749690,22957,22,58447,109008,72
53529.932,30.442,34875352,23040,22,58656,109008,72
53530.032,30.542,35001014,23123,22,58865,109008,72
53530.132,30.642,35126676,23206,22,59074,109008,72
53530.232,30.742,35250824,23288,22,59280,107494,71
53530.332,30.843,35374972,23370,22,59487,109008,72
53530.433,30.943,35502148,23454,22,59699,109008,72
53530.533,31.043,35626296,23536,22,59905,109008,72
53530.633,31.143,35751958,23619,22,60114,109008,72
53530.733,31.243,35876106,23701,22,60321,109008,72
53530.833,31.343,36001768,23784,22,60530,110522,73
53530.933,31.443,36127430,23867,22,60738,105980,70
53531.033,31.544,36251578,23949,22,60945,109008,72
53531.133,31.644,36377240,24032,22,61154,109008,72
53531.233,31.744,36502902,24115,22,61363,107494,71
53531.334,31.844,36627050,24197,22,61570,110522,73
53531.434,31.944,36752712,24280,22,61778,105980,70
53531.534,32.044,36876860,24362,22,61986,110522,73
53531.634,32.144,37002522,24445,22,62194,107494,71
53531.734,32.244,37128184,24528,22,62404,110522,73
53531.834,32.344,37252332,24610,22,62610,109008,72
53531.934,32.445,37377994,24693,22,62819,109008,72
53532.034,32.545,37503656,24776,22,63028,109008,72
53532.135,32.645,37629318,24859,22,63237,109008,72
53532.235,32.745,37753466,24941,22,63444,109008,72
53532.335,32.845,37879128,25024,22,63654,110522,73
53532.435,32.945,38004790,25107,22,63862,109008,72
53532.535,33.045,38128938,25189,22,64070,112036,74
53532.635,33.146,38253086,25271,22,64277,113550,75
53532.735,33.246,38380262,25355,22,64488,110522,73
53532.835,33.346,38504410,25437,22,64695,112036,74
53532.936,33.446,38630072,25520,22,64904,115064,76
53533.036,33.546,38755734,25603,22,65113,115064,76
53533.136,33.646,38879882,25685,22,65320,115064,76
53533.236,33.746,39005544,25768,22,65529,116578,77
53533.336,33.846,39129692,25850,22,65736,116578,77
53533.436,33.947,39255354,25933,22,65946,119606,79
53533.536,34.047,39381016,26016,22,66155,119606,79
53533.637,34.147,39506678,26099,22,66365,121120,80
53533.737,34.247,39630826,26181,22,66571,119606,79
53533.837,34.347,39756488,26264,22,66781,122634,81
53533.937,34.447,39882150,26347,22,66990,122634,81
53534.037,34.547,40007812,26430,22,67200,124148,82
53534.137,34.648,40131960,26512,22,67407,127176,84
53534.237,34.748,40256108,26594,22,67615,130204,86
53534.337,34.848,40381770,26677,22,67824,131718,87
53534.438,34.948,40507432,26760,22,68032,131718,87
53534.538,35.048,40633094,26843,22,68242,134746,89
53534.638,35.148,40757242,26925,22,68449,139288,92
53534.738,35.248,40882904,27008,22,68657,137774,91
53534.838,35.348,41008566,27091,25,68868,137774,91
53534.938,35.448,41132714,27173,27,69078,134746,89
53535.038,35.548,41258376,27256,27,69302,96896,64
53535.138,35.649,41384038,27339,27,69539,80242,53
53535.238,35.749,41508186,27421,27,69771,81756,54
53535.339,35.849,41633848,27504,27,69981,86298,57
53535.439,35.949,41759510,27587,27,70191,89326,59
53535.539,36.049,41883658,27669,27,70398,93868,62
53535.639,36.149,42009320,27752,27,70608,98410,65
53535.739,36.249,42133468,27834,27,70816,102952,68
53535.839,36.349,42259130,27917,27,71025,105980,70
53535.939,36.450,42384792,28000,27,71235,107494,71
53536.039,36.550,42510454,28083,27,71444,107494,71
53536.140,36.650,42634602,28165,27,71651,110522,73
53536.240,36.750,42760264,28248,27,71861,113550,75
53536.340,36.850,42884412,28330,27,72068,116578,77
53536.440,36.950,43010074,28413,27,72277,119606,79
53536.540,37.050,43135736,28496,27,72486,121120,80
53536.640,37.150,43259884,28578,27,72694,124148,82
53536.740,37.251,43385546,28661,27,72903,125662,83
53536.840,37.351,43509694,28743,27,73110,127176,84
53536.941,37.451,43636870,28827,27,73322,127176,84
53537.041,37.551,43762532,28910,27,73532,130204,86
53537.141,37.651,43886680,28992,27,73739,131718,87
53537.241,37.751,44012342,29075,27,73948,133232,88
53537.341,37.851,44136490,29157,27,74155,136260,90
53537.441,37.951,44262152,29240,27,74363,134746,89
53537.541,38.052,44386300,29322,27,74570,139288,92
53537.641,38.152,44511962,29405,27,74778,137774,91
53537.742,38.252,44637624,29488,28,74987,136260,90
53537.842,38.352,44761772,29570,29,75194,136260,90
53537.942,38.452,44887434,29653,29,75415,112036,74
53538.042,38.552,45013096,29736,29,75642,78728,52
53538.142,38.652,45137244,29818,29,75876,77214,51
53538.242,38.753,45262906,29901,29,76086,81756,54
53538.342,38.853,45388568,29984,29,76295,83270,55
53538.443,38.953,45514230,30067,29,76505,86298,57
53538.543,39.053,45638378,30149,29,76713,89326,59
53538.643,39.153,45764040,30232,29,76922,90840,60
53538.743,39.253,45888188,30314,29,77129,90840,60
53538.843,39.353,46013850,30397,29,77339,92354,61
53538.943,39.453,46139512,30480,29,77550,96896,64
53539.043,39.554,46263660,30562,29,77756,96896,64
53539.143,39.654,46389322,30645,29,77965,96896,64
53539.244,39.754,46513470,30727,29,78174,98452,66
53539.344,39.854,46640688,30812,29,78387,99924,66
53539.444,39.954,46764836,30894,29,78594,101438,67
53539.544,40.054,46888984,30976,29,78800,102952,68
53539.644,40.154,47014646,31059,29,79009,104466,69
53539.744,40.255,47140308,31142,29,79218,105980,70
53539.844,40.355,47265970,31225,29,79427,107494,71
53539.945,40.455,47391632,31308,29,79635,107494,71
53540.045,40.555,47515780,31390,29,79842,109008,72
53540.145,40.655,47641442,31473,29,80049,105980,70
53540.245,40.755,47767104,31556,29,80259,107494,71
53540.345,40.855,47891252,31638,29,80466,107494,71
53540.445,40.955,48016914,31721,29,80675,109008,72
53540.545,41.056,48141062,31803,29,80882,110522,73
53540.645,41.156,48266724,31886,29,81091,109008,72
53540.745,41.256,48392386,31969,29,81300,109008,72
53540.846,41.356,48516534,32051,29,81506,107494,71
53540.946,41.456,48642196,32134,29,81715,107494,71
53541.046,41.556,48766344,32216,29,81922,109008,72
53541.146,41.656,48892006,32299,29,82131,109008,72
53541.246,41.756,49017668,32382,29,82340,109008,72
53541.346,41.857,49143330,32465,29,82549,109008,72
53541.446,41.957,49267478,32547,29,82756,109008,72
53541.546,42.057,49393140,32630,29,82965,110522,73
53541.647,42.157,49518802,32713,29,83173,107494,71
53541.747,42.257,49644464,32796,29,83383,109008,72
53541.847,42.357,49768612,32878,29,83589,109008,72
53541.947,42.457,49894274,32961,29,83798,107494,71
53542.047,42.557,50018422,33043,29,84005,109008,72
53542.147,42.657,50144084,33126,29,84213,107494,71
53542.247,42.758,50268232,33208,29,84421,110522,73
53542.347,42.858,50393894,33291,29,84629,109008,72
53542.448,42.958,50519556,33374,29,84838,107494,71
53542.548,43.058,50645218,33457,29,85048,110522,73
53542.648,43.158,50770880,33540,29,85256,107494,71
53542.748,43.258,50895028,33622,29,85463,107494,71
53542.848,43.358,51020690,33705,29,85672,109008,72
53542.948,43.459,51146352,33788,29,85881,109008,72
53543.048,43.559,51272014,33871,29,86090,109008,72
53543.149,43.659,51396162,33953,29,86297,109008,72
53543.249,43.759,51520310,34035,29,86505,112036,74
53543.349,43.859,51645972,34118,29,86714,112036,74
53543.449,43.959,51771634,34201,29,86924,112036,74
53543.549,44.059,51897296,34284,29,87133,110522,73
53543.649,44.159,52022958,34367,29,87342,112036,74
53543.749,44.260,52147106,34449,29,87550,112036,74
53543.850,44.360,52272768,34532,29,87760,112036,74
53543.950,44.460,52396916,34614,29,87967,113550,75
53544.050,44.560,52522578,34697,29,88178,118092,78
53544.150,44.660,52646726,34779,29,88385,118092,78
53544.250,44.760,52772388,34862,29,88593,118092,78
53544.350,44.860,52898050,34945,29,88803,119606,79
53544.450,44.961,53023712,35028,29,89011,118092,78
53544.550,45.061,53147860,35110,29,89218,121120,80
53544.651,45.161,53273522,35193,29,89427,122634,81
53544.751,45.261,53397670,35275,29,89633,124148,82
53544.851,45.361,53523332,35358,29,89843,127176,84
53544.951,45.461,53648994,35441,29,90051,127176,84
53545.051,45.561,53774656,35524,29,90260,128690,85
53545.151,45.661,53898804,35606,29,90467,131718,87
53545.251,45.762,54024466,35689,29,90675,130204,86
53545.351,45.862,54150128,35772,29,90885,134746,89
53545.452,45.962,54275790,35855,29,91094,136260,90
53545.552,46.062,54399938,35937,29,91300,137774,91
53545.652,46.162,54524086,36019,31,91507,137774,91
53545.752,46.262,54649748,36102,33,91723,127176,84
53545.852,46.362,54775410,36185,33,91946,87812,58
53545.952,46.463,54899558,36267,33,92188,81756,54
53546.052,46.563,55025220,36350,33,92406,84784,56
53546.153,46.663,55150882,36433,33,92615,87812,58
53546.253,46.763,55276544,36516,33,92824,89326,59
53546.353,46.863,55400692,36598,33,93031,93868,62
53546.453,46.963,55526354,36681,33,93241,98410,65
53546.553,47.063,55652016,36764,33,93450,99924,66
53546.653,47.163,55776164,36846,33,93658,104466,69
53546.753,47.264,55901826,36929,33,93867,107494,71
53546.853,47.364,56025974,37011,33,94075,110522,73
53546.954,47.464,56151636,37094,33,94285,112036,74
53547.054,47.564,56277298,37177,33,94495,113550,75
53547.154,47.664,56402960,37260,33,94706,116578,77
53547.254,47.764,56527108,37342,33,94913,116578,77
53547.354,47.864,56652770,37425,33,95124,121120,80
53547.454,47.964,56778432,37508,33,95334,124148,82
53547.554,48.065,56904094,37591,33,95542,124148,82
53547.654,48.165,57028242,37673,33,95748,124148,82
53547.755,48.265,57152390,37755,33,95956,127176,84
53547.855,48.365,57278052,37838,33,96165,128690,85
53547.955,48.465,57403714,37921,33,96375,133232,88
53548.055,48.565,57529376,38004,33,96583,133232,88
53548.155,48.665,57653524,38086,33,96790,136260,90
53548.255,48.765,57779186,38169,33,96998,134746,89
53548.355,48.866,57903334,38251,33,97204,134746,89
53548.455,48.966,58028996,38334,33,97414,139288,92
53548.556,49.066,58154658,38417,33,97622,137774,91
53548.656,49.166,58280320,38500,34,97830,136260,90
53548.756,49.266,58404468,38582,34,98037,137774,91
53548.856,49.366,58530130,38665,35,98259,105980,70
53548.956,49.466,58655792,38748,35,98489,77214,51
53549.056,49.566,58779940,38830,35,98731,78728,52
53549.156,49.667,58905602,38913,35,98941,83270,55
53549.256,49.767,59029750,38995,35,99147,83270,55
53549.357,49.867,59156926,39079,35,99359,84784,56
53549.457,49.967,59281074,39161,35,99567,89326,59
53549.557,50.067,59405222,39243,35,99773,89326,59
53549.657,50.167,59530884,39326,35,99982,92354,61
53549.757,50.267,59656546,39409,35,100191,93868,62
53549.857,50.368,59782208,39492,35,100400,95382,63
53549.957,50.468,59906356,39574,35,100606,95382,63
53550.058,50.568,60032018,39657,35,100816,99924,66
53550.158,50.668,60157680,39740,35,101024,98410,65
53550.258,50.768,60281828,39822,35,101231,101438,67
53550.358,50.868,60407490,39905,35,101439,99924,66
53550.458,50.968,60533152,39988,35,101647,99924,66
53550.558,51.068,60657300,40070,35,101854,102952,68
53550.658,51.169,60782962,40153,35,102064,105980,70
53550.758,51.269,60908624,40236,35,102272,105980,70
53550.859,51.369,61032772,40318,35,102478,107494,71
53550.959,51.469,61158434,40401,35,102687,107494,71
53551.059,51.569,61282582,40483,35,102893,109008,72
53551.159,51.669,61409758,40567,35,103105,107494,71
53551.259,51.769,61533906,40649,35,103312,109008,72
53551.359,51.869,61659568,40732,35,103521,107494,71
53551.459,51.970,61785230,40815,35,103729,107494,71
53551.559,52.070,61909378,40897,35,103936,107494,71
53551.660,52.170,62033526,40979,35,104143,109008,72
53551.760,52.270,62159188,41062,35,104352,109008,72
53551.860,52.370,62284850,41145,35,104561,107494,71
53551.960,52.470,62410512,41228,35,104770,109008,72
53552.060,52.570,62536174,41311,35,104979,109008,72
53552.160,52.671,62660322,41393,35,105186,109008,72
53552.260,52.771,62785984,41476,35,105395,110522,73
53552.361,52.871,62911646,41559,35,105604,109008,72
53552.461,52.971,63035794,41641,35,105810,107494,71
53552.561,53.071,63161456,41724,35,106019,107494,71
53552.661,53.171,63285604,41806,35,106226,109008,72
53552.761,53.271,63411266,41889,35,106435,109008,72
53552.861,53.371,63535414,41971,35,106642,110522,73
53552.961,53.472,63661076,42054,35,106851,110522,73
53553.061,53.572,63786738,42137,35,107060,110522,73
53553.162,53.672,63910886,42219,35,107266,107494,71
53553.262,53.772,64038062,42303,35,107477,107494,71
53553.362,53.872,64162210,42385,35,107684,109008,72
53553.462,53.972,64287872,42468,35,107893,107494,71
53553.562,54.072,64412020,42550,35,108100,110522,73
53553.662,54.172,64537682,42633,35,108309,109008,72
53553.762,54.273,64663344,42716,35,108518,110522,73
53553.862,54.373,64789006,42799,35,108726,107494,71
53553.963,54.473,64913154,42881,35,108933,107494,71
53554.063,54.573,65038816,42964,35,109143,110522,73
53554.163,54.673,65162964,43046,35,109349,109008,72
53554.263,54.773,65288626,43129,35,109560,112036,74
53554.363,54.873,65414288,43212,35,109769,112036,74
53554.463,54.973,65538436,43294,35,109975,112036,74
53554.563,55.074,65664098,43377,35,110184,112036,74
53554.663,55.174,65789760,43460,35,110395,115064,76
53554.764,55.274,65913908,43542,35,110601,113550,75
53554.864,55.374,66039570,43625,35,110810,115064,76
53554.964,55.474,66163718,43707,35,111018,118092,78
53555.064,55.574,66290894,43791,35,111229,115064,76
53555.164,55.674,66415042,43873,35,111436,119606,79
53555.264,55.775,66540704,43956,35,111645,118092,78
53555.364,55.875,66666366,44039,35,111855,119606,79
53555.465,55.975,66790514,44121,35,112062,122634,81
53555.565,56.075,66916176,44204,35,112272,124148,82
53555.665,56.175,67040324,44286,35,112478,124148,82
53555.765,56.275,67165986,44369,35,112688,125662,83
53555.865,56.375,67291648,44452,35,112898,128690,85
53555.965,56.475,67417310,44535,35,113107,128690,85
53556.065,56.576,67541458,44617,35,113314,127176,84
53556.165,56.676,67667120,44700,35,113524,131718,87
53556.266,56.776,67792782,44783,35,113735,134746,89
53556.366,56.876,67916930,44865,35,113941,133232,88
53556.466,56.976,68042592,44948,35,114151,137774,91
53556.566,57.076,68168254,45031,38,114362,139288,92
53556.666,57.176,68292402,45113,39,114568,137774,91
53556.766,57.277,68419578,45197,39,114794,101438,67
53556.866,57.377,68543726,45279,39,115026,80242,53
53556.967,57.477,68669388,45362,39,115251,80242,53
53557.067,57.577,68793536,45444,39,115460,87812,58
53557.167,57.677,68919198,45527,39,115669,90840,60
53557.267,57.777,69043346,45609,39,115876,93868,62
53557.367,57.877,69169008,45692,39,116085,95382,63
53557.467,57.978,69293156,45774,39,116292,99924,66
53557.567,58.078,69418818,45857,39,116503,104466,69
53557.668,58.178,69544480,45940,39,116714,105980,70
53557.768,58.278,69670142,46023,39,116923,105980,70
53557.868,58.378,69795804,46106,39,117134,112036,74
53557.968,58.478,69919952,46188,39,117341,113550,75
53558.068,58.578,70044100,46270,39,117548,118092,78
53558.168,58.678,70169762,46353,39,117757,116578,77
53558.268,58.779,70293910,46435,39,117965,119606,79
53558.368,58.879,70421086,46519,39,118177,122634,81
53558.469,58.979,70545234,46601,39,118384,124148,82
53558.569,59.079,70672410,46685,39,118596,127176,84
53558.669,59.179,70795044,46766,39,118801,130204,86
53558.769,59.279,70920706,46849,39,119009,130204,86
53558.869,59.379,71046368,46932,39,119218,131718,87
53558.969,59.479,71170516,47014,39,119424,133232,88
53559.069,59.580,71296178,47097,39,119634,136260,90
53559.169,59.680,71421840,47180,39,119842,136260,90
53559.270,59.780,71547502,47263,39,120050,134746,89
53559.370,59.880,71671650,47345,39,120256,134746,89
53559.470,59.980,71797312,47428,39,120466,139288,92
