timestamp,elapsed_s,cwnd,ssthresh,rtt,rttvar,retrans,bytes_sent,bytes_acked,send_rate,unacked,snd_wnd
1880.475,0.000,,,,,,,,,,
1880.575,0.100,,,,,,,,,,
1880.675,0.201,,,,,,,,,,
1880.776,0.301,,,,,,,,,,
1880.876,0.401,,,,,,,,,,
1880.976,0.501,,,,,,,,,,
1881.076,0.601,,,,,,,,,,
1881.176,0.702,,,,,,,,,,
1881.277,0.802,,,,,,,,,,
1881.377,0.902,,,,,,,,,,
1881.477,1.002,,,,,,,,,,
1881.577,1.102,,,,,,,,,,
1881.677,1.203,,,,,,,,,,
1881.778,1.303,,,,,,,,,,
1881.878,1.403,,,,,,,,,,
1881.978,1.503,,,,,,,,,,
1882.078,1.603,,,,,,,,,,
1882.178,1.704,,,,,,,,,,
1882.279,1.804,,,,,,,,,,
1882.379,1.904,,,,,,,,,,
1882.479,2.004,,,,,,,,,,
1882.579,2.104,,,,,,,,,,
1882.679,2.205,,,,,,,,,,
1882.780,2.305,10,42230,100.477,50.238,,14480,,1.2Mbps,10,
1882.880,2.405,20,42230,104.983,7.598,,43440,14480,2.2Mbps,20,
1882.980,2.505,40,42230,107.274,4.224,,101360,43440,4.3Mbps,40,
1883.080,2.605,64,42230,110.795,3.809,,170864,78192,6.7Mbps,64,
1883.180,2.705,102,42230,111.296,3.083,,280912,133216,10.6Mbps,102,
1883.280,2.806,125,122,111.388,2.056,,430056,249056,13.0Mbps,125,
1883.381,2.906,129,122,150.831,0.84,,556032,369240,9.9Mbps,129,
1883.481,3.006,133,122,152.794,0.738,,680560,487976,10.1Mbps,133,
1883.581,3.106,137,122,158.197,0.759,,805088,608160,10.0Mbps,136,
1883.681,3.206,141,122,161.913,0.736,,933960,729792,10.1Mbps,141,
1883.781,3.306,145,122,166.661,1.116,,1058488,848528,10.1Mbps,145,
1883.881,3.406,149,122,170.658,0.282,,1184464,968712,10.1Mbps,149,
1883.981,3.507,153,122,175.347,0.481,,1308992,1087448,10.1Mbps,153,
1884.081,3.607,158,122,180.213,0.48,,1436416,1207632,10.2Mbps,158,
1884.182,3.707,162,122,185.104,0.406,,1560944,1326368,10.1Mbps,162,
1884.282,3.807,166,122,190.316,1.581,,1686920,1446552,10.1Mbps,166,
1884.382,3.907,170,122,194.892,1.476,,1812896,1566736,10.1Mbps,170,
1884.482,4.007,174,122,200.113,1.506,,1938872,1686920,10.1Mbps,174,
1884.582,4.107,178,122,204.189,1.372,,2061952,1804208,10.1Mbps,178,
1884.682,4.207,182,122,208.652,0.746,,2187928,1924392,10.1Mbps,182,
1884.782,4.308,187,122,213.986,0.688,,2315352,2046024,10.1Mbps,186,
1884.882,4.408,191,122,218.181,0.882,,2441328,2164760,10.1Mbps,191,
1884.983,4.508,195,122,222.604,0.449,,2564408,2283496,10.1Mbps,194,
1885.083,4.608,199,122,228.433,1.053,,2691832,2403680,10.1Mbps,199,
1885.183,4.708,203,122,233.227,0.953,,2817808,2523864,10.1Mbps,203,
1885.283,4.808,207,122,238.202,0.995,,2943784,2644048,10.1Mbps,207,
1885.383,4.908,211,122,242.329,0.237,,3068312,2762784,10.1Mbps,211,
1885.483,5.008,215,122,247.549,1.445,,3194288,2882968,10.1Mbps,215,
1885.583,5.109,220,122,252.147,1.342,,3320264,3003152,10.1Mbps,219,
1885.683,5.209,224,122,256.597,0.347,,3444792,3121888,10.1Mbps,223,
1885.784,5.309,228,122,261.554,1.407,,3569320,3240624,10.1Mbps,227,
1885.884,5.409,232,122,266.629,1.606,,3698192,3362256,10.1Mbps,232,
1885.984,5.509,236,122,271.023,1.47,,3821272,3479544,10.1Mbps,236,
1886.084,5.609,240,122,275.791,1.604,,3948696,3601176,10.1Mbps,240,
1886.184,5.709,244,122,280.657,0.644,,4074672,3721360,10.1Mbps,244,
1886.284,5.809,248,122,285.477,1.165,,4196304,3838648,10.1Mbps,247,
1886.384,5.910,253,122,290.038,0.9,,4325176,3960280,10.1Mbps,252,
1886.484,6.010,257,122,295.373,1.366,,4451152,4080464,10.1Mbps,256,
1886.585,6.110,261,122,299.073,0.203,,4575680,4199200,10.1Mbps,260,
1886.685,6.210,265,122,304.773,1.158,,4703104,4319384,10.1Mbps,265,
1886.785,6.310,269,122,309.42,1.067,,4827632,4439568,10.1Mbps,268,
1886.885,6.410,273,122,314.396,0.89,,4953608,4558304,10.1Mbps,273,
1886.985,6.510,277,122,319.05,1.002,,5078136,4677040,10.1Mbps,277,
1887.085,6.611,282,122,323.678,1.257,,5207008,4798672,10.1Mbps,282,
1887.185,6.711,286,122,328.397,1.36,,5331536,4918856,10.1Mbps,285,
1887.286,6.811,290,122,332.823,0.45,,5456064,5036144,10.1Mbps,290,
1887.386,6.911,294,122,338.111,1.059,,5583488,5157776,10.1Mbps,294,
1887.486,7.011,298,122,342.598,0.715,,5708016,5276512,10.1Mbps,298,
1887.586,7.111,302,122,347.324,1.463,,5832544,5396696,10.1Mbps,301,
1887.686,7.211,306,122,352.476,1.341,,5958520,5515432,10.1Mbps,306,
1887.786,7.311,311,122,356.771,1.421,,6085944,5635616,10.1Mbps,311,
1887.886,7.411,315,122,361.99,0.764,,6209024,5754352,10.1Mbps,314,
1887.986,7.512,319,122,366.469,0.866,,6337896,5875984,10.1Mbps,319,
1888.086,7.612,323,122,371.326,0.836,,6460976,5994720,10.1Mbps,322,
1888.187,7.712,327,122,376.144,0.958,,6586952,6113456,10.1Mbps,327,
1888.287,7.812,331,122,380.632,0.754,,6714376,6235088,10.1Mbps,331,
1888.387,7.912,335,122,385.56,1.261,,6836008,6352376,10.1Mbps,334,
1888.487,8.012,339,122,389.835,0.332,,6963432,6472560,10.1Mbps,339,
1888.587,8.112,344,122,395.411,1.016,,7090856,6592744,10.1Mbps,344,
1888.687,8.212,348,122,399.964,1.257,,7215384,6711480,10.1Mbps,348,
1888.787,8.313,352,122,404.036,0.786,,7342808,6833112,10.1Mbps,352,
1888.887,8.413,356,122,409.492,1.348,,7467336,6951848,10.1Mbps,356,
1888.988,8.513,360,122,414.131,1.464,,7593312,7072032,10.1Mbps,360,
1889.088,8.613,364,122,418.787,0.506,,7717840,7192216,10.1Mbps,363,
1889.188,8.713,368,122,423.672,0.464,,7843816,7312400,10.1Mbps,367,
1889.288,8.813,373,122,428.502,0.484,,7969792,7431136,10.1Mbps,372,
1889.388,8.913,377,122,433.2,0.735,,8094320,7549872,10.1Mbps,376,
1889.488,9.013,381,122,438.711,1.123,,8221744,7670056,10.1Mbps,381,
1889.588,9.113,385,122,442.673,1.006,,8346272,7788792,10.1Mbps,385,
1889.688,9.214,389,122,446.821,0.206,,8470800,7908976,10.1Mbps,388,
1889.789,9.314,393,122,452.389,0.915,,8598224,8029160,10.1Mbps,393,
1889.889,9.414,397,122,456.493,0.791,,8722752,8147896,10.1Mbps,397,
1889.989,9.514,401,122,461.439,0.088,,8850176,8269528,10.1Mbps,401,
1890.089,9.614,406,122,466.937,0.932,,8974704,8388264,10.1Mbps,405,
1890.189,9.714,410,122,471.637,1.151,,9102128,8508448,10.1Mbps,410,
1890.289,9.814,414,122,475.963,0.67,,9226656,8627184,10.1Mbps,414,
1890.389,9.914,418,122,480.629,0.41,,9352632,8748816,10.1Mbps,417,
1890.489,10.015,422,122,485.488,0.385,,9477160,8867552,10.1Mbps,421,
1890.589,10.115,426,122,490.051,0.824,,9603136,8986288,10.1Mbps,426,
1890.690,10.215,430,122,495.92,1.516,,9730560,9107920,10.0Mbps,430,
1890.790,10.315,435,122,499.953,1.451,,9856536,9226656,10.1Mbps,435,
1890.890,10.415,439,122,504.758,0.564,,9981064,9346840,10.1Mbps,438,
1890.990,10.515,443,122,509.387,0.71,,10105592,9465576,10.1Mbps,442,
1891.090,10.615,447,122,513.578,1.044,,10230120,9584312,10.1Mbps,446,
1891.190,10.715,451,122,518.654,0.845,,10357544,9705944,10.1Mbps,450,
1891.290,10.816,455,122,523.986,0.932,,10483520,9824680,10.1Mbps,455,
1891.390,10.916,459,122,528.672,1.07,,10609496,9944864,10.1Mbps,459,
1891.491,11.016,463,122,534.282,0.68,,10735472,10065048,10.0Mbps,463,
1891.591,11.116,468,122,537.655,0.284,,10861448,10185232,10.1Mbps,467,
1891.691,11.216,472,122,542.427,0.431,,10985976,10303968,10.1Mbps,471,
1891.791,11.316,476,122,548.066,0.99,,11111952,10424152,10.1Mbps,475,
1891.891,11.416,480,122,552.651,1.543,,11237928,10542888,10.1Mbps,480,
1891.991,11.516,484,122,557.227,1.41,,11363904,10663072,10.1Mbps,484,
1892.091,11.617,488,122,561.862,0.264,,11488432,10783256,10.1Mbps,487,
1892.191,11.717,492,122,566.288,0.826,,11612960,10901992,10.1Mbps,491,
1892.292,11.817,496,122,571.388,1.489,,11737488,11020728,10.1Mbps,495,
1892.392,11.917,501,122,576.199,0.568,,11866360,11142360,10.1Mbps,500,
1892.492,12.017,505,122,581.026,0.682,,11990888,11261096,10.1Mbps,504,
1892.592,12.117,509,122,586.522,1.039,,12118312,11381280,10.1Mbps,509,
1892.692,12.217,513,122,589.961,0.963,,12241392,11500016,10.1Mbps,512,
1892.792,12.317,517,122,594.897,0.808,,12368816,11621648,10.1Mbps,516,
1892.892,12.418,521,122,599.33,0.378,,12493344,11740384,10.1Mbps,520,
1892.992,12.518,525,122,605.354,0.553,,12620768,11860568,10.0Mbps,525,
1893.093,12.618,530,122,609.865,1.118,,12745296,11979304,10.1Mbps,529,
1893.193,12.718,534,122,614.553,0.952,,12872720,12099488,10.1Mbps,534,
1893.293,12.818,538,122,618.798,0.243,,12998696,12219672,10.1Mbps,538,
1893.393,12.918,542,122,623.213,0.839,,13123224,12338408,10.1Mbps,542,
1893.493,13.018,546,122,628.675,1.43,,13247752,12457144,10.1Mbps,546,
1893.593,13.118,550,122,633.657,1.632,,13373728,12577328,10.1Mbps,550,
1893.693,13.219,556,122,638.061,0.5,,13501152,12697512,10.1Mbps,555,
1893.793,13.319,563,122,643.327,1.327,,13631472,12816248,10.1Mbps,563,
1893.894,13.419,571,122,648.282,0.536,,13763240,12937880,10.2Mbps,570,
1893.994,13.519,579,122,652.366,1.361,,13893560,13055168,10.3Mbps,579,
1894.094,13.619,588,122,657.384,0.562,,14026776,13175352,10.4Mbps,588,
1894.194,13.719,599,122,661.807,1.18,,14162888,13295536,10.5Mbps,599,
1894.294,13.819,609,122,667.393,1.261,,14294656,13414272,10.6Mbps,608,
1894.394,13.919,620,122,673.847,1.254,,14432216,13535904,10.7Mbps,619,
1894.494,14.020,631,122,681.285,1.046,,14568328,13654640,10.7Mbps,631,
1894.594,14.120,643,122,689.996,0.669,,14705888,13774824,10.8Mbps,643,
1894.695,14.220,655,122,699.447,2.042,,14842000,13893560,10.8Mbps,655,
1894.795,14.320,667,122,709.569,1.578,,14981008,14015192,10.9Mbps,667,
1894.895,14.420,680,122,719.735,1.5,,15118568,14133928,10.9Mbps,680,
1894.995,14.520,694,122,730.998,2.126,,15256128,14252664,11.0Mbps,693,
1895.095,14.620,708,122,742.113,2.438,,15398032,14372848,11.1Mbps,708,
1895.195,14.720,721,122,753.904,2.463,,15534144,14491584,11.1Mbps,720,
1895.295,14.820,735,122,767.962,1.672,,15677496,14613216,11.1Mbps,735,
1895.395,14.921,749,122,779.85,1.365,,15817952,14733400,11.1Mbps,749,
1895.496,15.021,763,122,791.552,2.272,,15955512,14850688,11.2Mbps,763,
1895.596,15.121,777,122,804.365,1.922,,16095968,14972320,11.2Mbps,776,
1895.696,15.221,790,122,817.519,2.55,,16234976,15091056,11.2Mbps,790,
1895.796,15.321,806,122,831.886,2.908,,16378328,15211240,11.2Mbps,806,
1895.896,15.421,822,122,846.071,2.822,,16520232,15329976,11.3Mbps,822,
1895.996,15.521,839,122,860.597,2.55,,16666480,15451608,11.3Mbps,839,
1896.096,15.621,855,122,874.859,2.589,,16806936,15568896,11.3Mbps,855,
1896.196,15.722,872,122,890.873,1.476,,16953184,15690528,11.3Mbps,872,
1896.296,15.822,888,122,905.194,1.197,,17096536,15810712,11.4Mbps,888,
1896.397,15.922,905,122,918.59,1.184,,17239888,15929448,11.4Mbps,905,
1896.497,16.022,921,122,932.051,2.574,,17383240,16049632,11.4Mbps,921,
1896.597,16.122,938,122,946.295,2.789,,17525144,16168368,11.5Mbps,937,
1896.697,16.222,954,122,960.574,2.897,,17667048,16287104,11.5Mbps,953,
1896.797,16.322,971,122,976.878,2.751,,17814744,16408736,11.5Mbps,971,
1896.897,16.422,987,122,993.504,3.399,,17956648,16527472,11.5Mbps,987,
1896.997,16.523,1004,122,1009.98,3.306,,18100000,16647656,11.5Mbps,1003,
1897.097,16.623,1020,122,1026.45,2.866,,18241904,16766392,11.5Mbps,1019,
1897.198,16.723,1037,122,1043.74,3.367,,18389600,16888024,11.5Mbps,1037,
1897.298,16.823,1056,122,1062.3,1.65,,18537296,17008208,11.5Mbps,1056,
1897.398,16.923,1076,122,1078.85,1.7,,18684992,17126944,11.6Mbps,1076,
1897.498,17.023,1096,122,1094.01,1.906,,18831240,17244232,11.6Mbps,1096,
1897.598,17.123,1117,122,1109.82,3.029,,18981832,17364416,11.7Mbps,1117,
1897.698,17.223,1138,122,1126.81,2.997,,19133872,17486048,11.7Mbps,1138,
1897.798,17.324,1158,122,1143.39,3.103,,19281568,17604784,11.7Mbps,1158,
1897.899,17.424,1179,122,1160.61,3.247,,19432160,17724968,11.8Mbps,1179,
1897.999,17.524,1200,122,1177.03,3.229,,19581304,17845152,11.8Mbps,1199,
1898.099,17.624,1220,122,1193.84,3.325,,19729000,17963888,11.8Mbps,1219,
1898.199,17.724,1241,122,1210.41,3.403,,19879592,18084072,11.9Mbps,1240,
1898.299,17.824,1261,122,1226.79,3.124,,20027288,18202808,11.9Mbps,1260,
1898.399,17.924,1282,122,1243.68,3.259,,20179328,18324440,11.9Mbps,1281,
1898.499,18.024,1300,911,1261.51,0.927,2,20328472,18435936,11.9Mbps,1305,
1898.599,18.125,1256,911,1262.05,0.026,21,20412456,18435936,11.5Mbps,1344,
1898.699,18.225,1210,911,1262.05,0.007,42,20496440,18435936,11.1Mbps,1381,
1898.800,18.325,1166,911,1262.5,0.637,61,20577528,18435936,10.7Mbps,1418,
1898.900,18.425,1121,911,1262.59,0.639,81,20661512,18435936,10.3Mbps,1456,
1899.000,18.525,1075,911,1262.51,0.638,103,20746944,18435936,9.9Mbps,1493,
1899.100,18.625,1029,911,1262.52,0.639,123,20829480,18435936,9.4Mbps,1530,
1899.200,18.725,984,911,1262.6,0.64,144,20913464,18435936,9.0Mbps,1567,
1899.300,18.826,939,911,1262.55,0.618,164,20997448,18435936,8.6Mbps,1605,
1899.400,18.926,902,911,1262.52,0.644,186,21095912,18435936,8.3Mbps,1651,
1899.501,19.026,882,911,1262.62,0.62,206,21214648,18435936,8.1Mbps,1713,
1899.601,19.126,862,911,1262.6,0.636,226,21334832,18435936,7.9Mbps,1776,
1899.701,19.226,840,911,1262.6,0.626,248,21453568,18435936,7.7Mbps,1836,
1899.801,19.326,911,911,1247.97,2.485,260,21695384,18535848,8.5Mbps,1922,
1899.901,19.426,911,911,1205.43,3.777,260,21814120,18741464,8.8Mbps,1862,
1900.001,19.526,911,911,1161.59,3.399,260,21934304,18964456,9.1Mbps,1791,
1900.101,19.627,911,911,1118.93,3.449,260,22053040,19168624,9.4Mbps,1732,
1900.201,19.727,911,911,1075.14,3.552,260,22174672,19390168,9.8Mbps,1663,
1900.302,19.827,911,911,1032.63,3.451,260,22293408,19601576,10.2Mbps,1599,
1900.402,19.927,911,911,1002.1,0.402,260,22413592,19797056,10.5Mbps,1547,
1900.502,20.027,911,911,1002.13,0.506,260,22533776,19943304,10.5Mbps,1529,
1900.602,20.127,911,911,1002.39,0.562,260,22652512,20086656,10.5Mbps,1512,
1900.702,20.227,911,911,1002.23,0.499,260,22772696,20240144,10.5Mbps,1489,
1900.802,20.327,911,911,1031.93,7.591,260,22892880,21197272,10.2Mbps,911,
1900.902,20.428,913,911,1102.72,1.386,260,23014512,21316008,9.6Mbps,913,
1901.002,20.528,916,911,1103.4,0.014,260,23139040,21436192,9.6Mbps,916,
1901.103,20.628,920,911,1103.06,0.288,260,23265016,21556376,9.7Mbps,920,
1901.203,20.728,924,911,1103.07,0.315,260,23389544,21675112,9.7Mbps,924,
1901.303,20.828,928,911,1102.99,0.317,260,23515520,21795296,9.7Mbps,928,
1901.403,20.928,933,911,1103.09,0.351,260,23642944,21915480,9.8Mbps,933,
1901.503,21.028,939,911,1103.01,0.521,260,23770368,22034216,9.9Mbps,939,
1901.603,21.128,945,911,1102.83,0.578,260,23899240,22154400,9.9Mbps,945,
1901.703,21.229,951,911,1102.87,0.493,260,24028112,22274584,10.0Mbps,951,
1901.803,21.329,957,911,1102.75,0.481,260,24155536,22393320,10.1Mbps,957,
1901.904,21.429,964,911,1103.4,0.013,260,24285856,22513504,10.1Mbps,964,
1902.004,21.529,971,911,1105.75,0.101,260,24416176,22633688,10.2Mbps,971,
1902.104,21.629,978,911,1109.13,0.514,260,24545048,22752424,10.2Mbps,978,
1902.204,21.729,985,911,1112.92,0.313,260,24675368,22872608,10.3Mbps,985,
1902.304,21.829,992,911,1117.49,0.649,260,24805688,22992792,10.3Mbps,992,
1902.404,21.929,999,911,1122.48,0.509,260,24934560,23111528,10.3Mbps,999,
1902.504,22.029,1007,911,1128.24,0.784,260,25066328,23231712,10.3Mbps,1007,
1902.604,22.130,1014,911,1134.87,1.348,260,25196648,23351896,10.4Mbps,1014,
1902.705,22.230,1021,911,1141.17,1.318,260,25324072,23469184,10.4Mbps,1021,
1902.805,22.330,1028,911,1148.1,1.464,260,25454392,23590816,10.4Mbps,1027,
1902.905,22.430,1035,911,1155.18,1.487,260,25584712,23709552,10.4Mbps,1035,
1903.005,22.530,1042,911,1162.46,1.489,260,25712136,23828288,10.4Mbps,1041,
1903.105,22.630,1049,911,1170.24,1.388,260,25843904,23949920,10.4Mbps,1048,
1903.205,22.730,1056,911,1178,1.393,260,25975672,24070104,10.4Mbps,1056,
1903.305,22.831,1063,911,1185.64,1.484,260,26103096,24188840,10.4Mbps,1062,
1903.405,22.931,1069,911,1193.23,1.377,260,26230520,24307576,10.4Mbps,1068,
1903.506,23.031,1076,911,1201.15,1.58,260,26363736,24429208,10.4Mbps,1076,
1903.606,23.131,1083,911,1209.12,1.321,260,26491160,24547944,10.4Mbps,1082,
1903.706,23.231,1089,911,1217.2,1.626,260,26618584,24666680,10.4Mbps,1088,
1903.806,23.331,1096,911,1223.69,1.292,260,26748904,24786864,10.4Mbps,1095,
1903.906,23.431,1102,911,1232.21,1.282,260,26876328,24905600,10.4Mbps,1101,
1904.006,23.531,1108,911,1240.31,2.041,260,27006648,25027232,10.3Mbps,1107,
1904.106,23.632,1114,911,1247.67,1.775,260,27134072,25145968,10.3Mbps,1113,
1904.206,23.732,1120,911,1255.94,1.825,260,27261496,25264704,10.3Mbps,1119,
1904.307,23.832,1116,787,1262.41,0.64,262,27380232,25348688,10.2Mbps,1141,
1904.407,23.932,1084,787,1262.54,0.612,269,27464216,25348688,9.9Mbps,1192,
1904.507,24.032,1052,787,1262.52,0.604,276,27546752,25348688,9.7Mbps,1242,
1904.607,24.132,1021,787,1262.62,0.616,282,27630736,25348688,9.4Mbps,1294,
1904.707,24.232,988,787,1262.62,0.613,290,27714720,25348688,9.1Mbps,1344,
1904.807,24.332,958,787,1262.5,0.642,296,27798704,25348688,8.8Mbps,1396,
1904.907,24.433,927,787,1262.59,0.635,302,27882688,25348688,8.5Mbps,1448,
1905.007,24.533,894,787,1262.51,0.641,310,27966672,25348688,8.2Mbps,1498,
1905.108,24.633,863,787,1262.52,0.634,316,28049208,25348688,7.9Mbps,1549,
1905.208,24.733,834,787,1262.6,0.62,321,28134640,25348688,7.7Mbps,1603,
1905.308,24.833,802,787,1262.52,0.64,328,28218624,25348688,7.4Mbps,1654,
1905.408,24.933,785,787,1262.6,0.647,333,28319984,25348688,7.2Mbps,1719,
1905.508,25.033,779,787,1262.66,0.635,339,28440168,25348688,7.1Mbps,1796,
1905.608,25.133,787,787,1237.62,3.263,342,28576280,25479008,7.4Mbps,1797,
1905.708,25.234,787,787,1194.78,3.559,342,28695016,25675936,7.6Mbps,1743,
1905.808,25.334,787,787,1151.15,3.718,342,28816648,25858384,7.9Mbps,1701,
1905.909,25.434,787,787,1108.94,3.587,342,28935384,26036488,8.2Mbps,1660,
1906.009,25.534,787,787,1066.33,3.542,342,29054120,26229072,8.5Mbps,1609,
1906.109,25.634,787,787,1023.28,3.811,342,29174304,26410072,8.9Mbps,1567,
1906.209,25.734,787,787,980.42,3.56,342,29294488,26593968,9.3Mbps,1523,
1906.309,25.834,787,787,940.539,1.221,342,29414672,26763384,9.7Mbps,1489,
1906.409,25.934,787,787,939.596,0.256,342,29533408,26895152,9.7Mbps,1480,
1906.509,26.035,787,787,946.83,7.26,342,29653592,28020248,9.6Mbps,786,
1906.610,26.135,788,787,953.64,0.483,342,29775224,28138984,9.6Mbps,788,
1906.710,26.235,790,787,953.679,0.502,342,29896856,28257720,9.6Mbps,790,
1906.810,26.335,792,787,953.662,0.505,342,30021384,28379352,9.6Mbps,792,
1906.910,26.435,795,787,953.704,0.533,342,30143016,28498088,9.7Mbps,794,
1907.010,26.535,798,787,953.708,0.526,342,30267544,28616824,9.7Mbps,798,
1907.110,26.635,801,787,953.566,0.406,342,30392072,28738456,9.7Mbps,800,
1907.210,26.736,804,787,953.671,0.511,342,30516600,28857192,9.8Mbps,804,
1907.310,26.836,808,787,953.558,0.41,342,30641128,28975928,9.8Mbps,808,
1907.411,26.936,812,787,953.467,0.269,342,30768552,29097560,9.9Mbps,812,
1907.511,27.036,815,787,953.139,0.146,342,30888736,29214848,9.9Mbps,814,
1907.611,27.136,819,787,955.442,0.33,342,31016160,29336480,9.9Mbps,818,
1907.711,27.236,823,787,957.808,0.428,342,31140688,29455216,10.0Mbps,822,
1907.811,27.336,827,787,960.055,0.642,342,31266664,29573952,10.0Mbps,827,
1907.911,27.436,831,787,963.118,0.699,342,31394088,29695584,10.0Mbps,831,
1908.011,27.537,835,787,966.456,0.173,342,31520064,29815768,10.0Mbps,835,
1908.111,27.637,839,787,970.663,1.113,342,31644592,29934504,10.0Mbps,839,
1908.212,27.737,843,787,973.654,0.279,342,31769120,30053240,10.0Mbps,843,
1908.312,27.837,847,787,978.402,0.479,342,31896544,30174872,10.0Mbps,847,
1908.412,27.937,851,787,982.984,0.842,342,32021072,30293608,10.0Mbps,851,
1908.512,28.037,855,787,986.628,0.884,342,32145600,30412344,10.0Mbps,855,
1908.612,28.137,859,787,990.908,0.893,342,32270128,30532528,10.0Mbps,858,
1908.712,28.237,863,787,995.308,0.511,342,32396104,30651264,10.0Mbps,863,
1908.812,28.338,866,787,1000.75,1.357,342,32520632,30771448,10.0Mbps,866,
1908.912,28.438,870,787,1005.02,1.428,342,32645160,30891632,10.0Mbps,869,
1909.013,28.538,873,787,1009.64,1.353,342,32769688,31010368,10.0Mbps,873,
1909.113,28.638,877,787,1014.97,1.242,342,32897112,31132000,10.0Mbps,877,
1909.213,28.738,880,787,1019.58,1.404,342,33021640,31252184,10.0Mbps,880,
1909.313,28.838,883,787,1023.48,0.538,342,33143272,31370920,10.0Mbps,882,
1909.413,28.938,887,787,1028.07,0.445,342,33267800,31489656,10.0Mbps,886,
1909.513,29.038,890,787,1032.88,0.51,342,33395224,31611288,10.0Mbps,890,
1909.613,29.139,893,787,1037.47,0.816,342,33516856,31730024,10.0Mbps,892,
1909.713,29.239,896,787,1041.59,0.928,342,33641384,31848760,10.0Mbps,896,
1909.814,29.339,899,787,1045.99,1.201,342,33767360,31970392,10.0Mbps,899,
1909.914,29.439,902,787,1050.29,0.754,342,33888992,32087680,9.9Mbps,902,
1910.014,29.539,904,787,1054.65,0.579,342,34012072,32209312,9.9Mbps,903,
1910.114,29.639,907,787,1058.44,0.314,342,34136600,32329496,9.9Mbps,906,
1910.214,29.739,909,787,1062.93,0.818,342,34258232,32446784,9.9Mbps,909,
1910.314,29.839,912,787,1065.82,0.17,342,34384208,32568416,9.9Mbps,912,
1910.414,29.940,914,787,1070.33,0.713,342,34505840,32687152,9.9Mbps,914,
1910.515,30.040,916,787,1073.68,0.762,342,34627472,32807336,9.9Mbps,915,
1910.615,30.140,919,787,1077.7,0.548,342,34752000,32926072,9.9Mbps,919,
1910.715,30.240,921,787,1080.37,0.065,342,34876528,33047704,9.9Mbps,921,
1910.815,30.340,923,787,1084.85,0.716,342,34996712,33166440,9.9Mbps,922,
1910.915,30.440,925,787,1088.35,0.806,342,35121240,33286624,9.8Mbps,925,
1911.015,30.540,926,787,1091.19,1.195,342,35242872,33406808,9.8Mbps,926,
1911.115,30.640,928,787,1093.62,0.086,342,35364504,33525544,9.8Mbps,928,
1911.215,30.741,930,787,1097.16,0.304,342,35486136,33644280,9.8Mbps,930,
1911.315,30.841,931,787,1100.83,0.256,342,35607768,33765912,9.8Mbps,930,
1911.416,30.941,933,787,1103.28,1.295,342,35729400,33883200,9.8Mbps,933,
1911.516,31.041,934,787,1106.45,0.993,342,35851032,34004832,9.8Mbps,933,
1911.616,31.141,936,787,1108.18,0.056,342,35974112,34123568,9.8Mbps,936,
1911.716,31.241,937,787,1111.6,0.463,342,36095744,34243752,9.8Mbps,937,
1911.816,31.341,938,787,1113.97,0.527,342,36214480,34362488,9.8Mbps,937,
1911.916,31.441,940,787,1116.01,0.662,342,36339008,34484120,9.8Mbps,939,
1912.016,31.542,941,787,1117.93,0.016,342,36460640,34602856,9.8Mbps,941,
1912.117,31.642,942,787,1120.5,0.359,342,36579376,34721592,9.7Mbps,941,
1912.217,31.742,943,787,1123.44,0.741,342,36703904,34843224,9.7Mbps,943,
1912.317,31.842,944,787,1124.14,0.307,342,36821192,34960512,9.7Mbps,943,
1912.417,31.942,945,787,1127.53,0.59,342,36944272,35080696,9.7Mbps,945,
1912.517,32.042,945,787,1128.35,1.086,342,37064456,35200880,9.7Mbps,945,
1912.617,32.142,946,787,1130.06,0.023,342,37183192,35319616,9.7Mbps,945,
1912.717,32.243,947,787,1131.79,0.481,342,37307720,35441248,9.7Mbps,947,
1912.817,32.343,948,787,1134.22,0.791,342,37427904,35559984,9.7Mbps,948,
1912.918,32.443,948,787,1135.92,0.29,342,37548088,35680168,9.7Mbps,948,
1913.018,32.543,949,787,1137.29,0.062,342,37669720,35800352,9.7Mbps,949,
1913.118,32.643,949,787,1137.97,0.68,342,37789904,35920536,9.7Mbps,949,
1913.218,32.743,950,787,1139.8,0.057,342,37910088,36039272,9.7Mbps,950,
1913.318,32.843,950,787,1139.87,0.208,342,38028824,36158008,9.7Mbps,950,
1913.418,32.943,951,787,1142.22,0.095,342,38151904,36279640,9.6Mbps,951,
1913.518,33.044,951,787,1143.33,0.072,342,38270640,36398376,9.6Mbps,951,
1913.618,33.144,951,787,1144.54,0.063,342,38390824,36518560,9.6Mbps,951,
1913.719,33.244,952,787,1144.67,0.18,342,38511008,36637296,9.6Mbps,952,
1913.819,33.344,952,787,1145.66,0.224,342,38631192,36757480,9.6Mbps,952,
1913.919,33.444,952,787,1146.94,0.099,342,38751376,36877664,9.6Mbps,952,
1914.019,33.544,952,787,1147.81,0.512,342,38868664,36996400,9.6Mbps,951,
1914.119,33.644,953,787,1148.34,0.336,342,38993192,37118032,9.6Mbps,953,
1914.219,33.744,953,787,1149.39,0.015,342,39109032,37235320,9.6Mbps,952,
1914.319,33.845,953,787,1149.33,0.076,342,39232112,37356952,9.6Mbps,953,
1914.419,33.945,953,787,1150.66,0.087,342,39349400,37474240,9.6Mbps,953,
1914.520,34.045,953,787,1150.73,0.27,342,39471032,37595872,9.6Mbps,953,
1914.620,34.145,953,787,1151.31,0.196,342,39588320,37713160,9.6Mbps,953,
1914.720,34.245,954,787,1151.83,0.057,342,39709952,37834792,9.6Mbps,953,
1914.820,34.345,954,787,1151.82,0.067,342,39831584,37954976,9.6Mbps,954,
1914.920,34.445,954,787,1153.1,0.061,342,39951768,38075160,9.6Mbps,954,
1915.020,34.545,954,787,1153.01,0.209,342,40070504,38193896,9.6Mbps,954,
1915.120,34.646,954,787,1153.28,0.391,342,40190688,38314080,9.6Mbps,954,
1915.220,34.746,954,787,1152.96,1.045,342,40312320,38435712,9.6Mbps,954,
1915.321,34.846,955,787,1154.34,0.097,342,40429608,38551552,9.6Mbps,955,
1915.421,34.946,955,787,1154.25,0.099,342,40548344,38671736,9.6Mbps,954,
1915.521,35.046,955,787,1154.27,0.127,342,40669976,38791920,9.6Mbps,955,
1915.621,35.146,955,787,1154.38,0.184,342,40788712,38910656,9.6Mbps,955,
1915.721,35.246,955,787,1154.35,0.023,342,40908896,39030840,9.6Mbps,955,
1915.821,35.346,956,787,1155.28,0.925,342,41030528,39152472,9.6Mbps,955,
1915.921,35.447,956,787,1154.86,0.731,342,41150712,39271208,9.6Mbps,956,
1916.021,35.547,956,787,1155.57,0.098,342,41270896,39391392,9.6Mbps,956,
1916.122,35.647,956,787,1155.32,0.397,342,41389632,39511576,9.6Mbps,955,
1916.222,35.747,957,787,1155.02,0.525,342,41508368,39628864,9.6Mbps,956,
1916.322,35.847,957,787,1155.58,0.179,342,41630000,39749048,9.6Mbps,957,
1916.422,35.947,957,787,1156.34,0.58,342,41750184,39869232,9.6Mbps,957,
1916.522,36.047,958,787,1156.32,0.106,342,41873264,39990864,9.6Mbps,958,
1916.622,36.148,958,787,1156.69,0.144,342,41990552,40108152,9.6Mbps,958,
1916.722,36.248,959,787,1156.82,0.203,342,42112184,40228336,9.6Mbps,959,
1916.823,36.348,959,787,1156.91,0.252,342,42232368,40348520,9.6Mbps,959,
1916.923,36.448,960,787,1156.42,0.352,342,42352552,40467256,9.6Mbps,960,
1917.023,36.548,960,787,1157.97,0.483,342,42474184,40588888,9.6Mbps,960,
1917.123,36.648,961,787,1157.59,0.175,342,42594368,40707624,9.6Mbps,961,
1917.223,36.748,962,787,1157.97,0.021,342,42713104,40826360,9.6Mbps,961,
1917.323,36.848,963,787,1157.62,0.554,342,42834736,40946544,9.6Mbps,962,
1917.423,36.949,963,787,1158.73,0.587,342,42953472,41065280,9.6Mbps,962,
1917.524,37.049,964,787,1159.12,0.028,342,43078000,41186912,9.6Mbps,964,
1917.624,37.149,965,787,1159.25,1.186,342,43199632,41307096,9.6Mbps,965,
1917.724,37.249,966,787,1160.33,0.035,342,43319816,41427280,9.6Mbps,965,
1917.824,37.349,967,787,1160.46,0.298,342,43440000,41544568,9.7Mbps,967,
1917.924,37.449,968,787,1161.52,0.028,342,43563080,41666200,9.7Mbps,968,
1918.024,37.549,970,787,1161.5,0.074,342,43684712,41784936,9.7Mbps,970,
1918.124,37.649,971,787,1162.79,0.185,342,43806344,41905120,9.7Mbps,971,
1918.224,37.750,972,787,1163.55,0.568,342,43927976,42025304,9.7Mbps,972,
1918.325,37.850,974,787,1163.61,0.264,342,44048160,42144040,9.7Mbps,973,
1918.425,37.950,975,787,1164.76,0.561,342,44169792,42264224,9.7Mbps,974,
1918.525,38.050,977,787,1166.28,0.364,342,44294320,42384408,9.7Mbps,977,
1918.625,38.150,978,787,1166.21,0.281,342,44415952,42504592,9.7Mbps,978,
1918.725,38.250,980,787,1167.95,0.574,342,44537584,42623328,9.7Mbps,980,
1918.825,38.350,982,787,1168.76,0.075,342,44659216,42742064,9.7Mbps,982,
1918.925,38.451,984,787,1169.69,1.153,342,44783744,42863696,9.7Mbps,984,
1919.025,38.551,986,787,1171.7,0.732,342,44905376,42982432,9.7Mbps,986,
1919.126,38.651,988,787,1172.5,0.12,342,45025560,43101168,9.8Mbps,987,
1919.226,38.751,990,787,1174.72,0.502,342,45151536,43222800,9.8Mbps,990,
1919.326,38.851,992,787,1175.98,0.204,342,45271720,43340088,9.8Mbps,992,
1919.426,38.951,995,787,1177.41,0.298,342,45396248,43460272,9.8Mbps,995,
1919.526,39.051,997,787,1179.1,0.944,342,45519328,43580456,9.8Mbps,997,
1919.626,39.151,1000,787,1180.39,0.583,342,45642408,43699192,9.8Mbps,1000,
1919.726,39.252,1003,787,1182.94,0.626,342,45766936,43819376,9.8Mbps,1003,
1919.826,39.352,1005,787,1184.51,0.078,342,45891464,43941008,9.8Mbps,1005,
1919.927,39.452,1008,787,1186.75,0.383,342,46013096,44059744,9.8Mbps,1007,
1920.027,39.552,1011,787,1189.03,0.625,342,46137624,44178480,9.8Mbps,1011,
1920.127,39.652,1014,787,1191.27,0.945,342,46263600,44300112,9.9Mbps,1014,
1920.227,39.752,1018,787,1193.48,0.853,342,46386680,44418848,9.9Mbps,1017,
1920.327,39.852,1021,787,1195.14,0.507,342,46512656,44539032,9.9Mbps,1021,
1920.427,39.952,1025,787,1198.36,0.68,342,46637184,44659216,9.9Mbps,1024,
1920.527,40.052,1028,787,1201.14,0.642,342,46758816,44776504,9.9Mbps,1027,
1920.627,40.153,1032,787,1203.8,0.244,342,46886240,44898136,9.9Mbps,1031,
1920.728,40.253,1036,787,1207.28,0.734,342,47013664,45018320,9.9Mbps,1036,
1920.828,40.353,1040,787,1209.26,0.785,342,47135296,45135608,10.0Mbps,1039,
1920.928,40.453,1044,787,1212.37,0.082,342,47262720,45257240,10.0Mbps,1043,
1921.028,40.553,1048,787,1215.87,0.291,342,47390144,45377424,10.0Mbps,1048,
1921.128,40.653,1052,787,1219.58,0.325,342,47513224,45494712,10.0Mbps,1052,
1921.228,40.753,1057,787,1222.64,1.042,342,47640648,45614896,10.0Mbps,1057,
1921.328,40.853,1061,787,1226.37,0.801,342,47765176,45733632,10.0Mbps,1061,
1921.428,40.954,1066,787,1230.25,1.581,342,47894048,45855264,10.0Mbps,1066,
1921.529,41.054,1071,787,1234.06,1.541,342,48020024,45975448,10.1Mbps,1070,
1921.629,41.154,1076,787,1237.84,0.573,342,48147448,46094184,10.1Mbps,1076,
1921.729,41.254,1081,787,1241.62,0.874,342,48271976,46212920,10.1Mbps,1080,
1921.829,41.354,1087,787,1246.15,0.322,342,48403744,46334552,10.1Mbps,1087,
1921.929,41.454,1093,787,1250.81,0.63,342,48531168,46453288,10.1Mbps,1093,
1922.029,41.554,1098,787,1255.31,0.912,342,48657144,46572024,10.1Mbps,1098,
1922.129,41.654,1104,787,1259.96,1.301,342,48784568,46692208,10.2Mbps,1103,
1922.229,41.755,1094,775,1262.5,0.635,345,48896064,46757368,10.0Mbps,1132,
1922.329,41.855,1065,775,1262.57,0.714,349,48980048,46757368,9.8Mbps,1186,
1922.430,41.955,1036,775,1262.5,0.644,353,49062584,46757368,9.5Mbps,1239,
1922.530,42.055,1005,775,1262.6,0.649,358,49146568,46757368,9.2Mbps,1292,
1922.630,42.155,977,775,1262.61,0.648,362,49230552,46757368,9.0Mbps,1346,
1922.730,42.255,948,775,1262.52,0.638,367,49314536,46757368,8.7Mbps,1399,
1922.830,42.355,918,775,1262.52,0.643,372,49398520,46757368,8.4Mbps,1452,
1922.930,42.455,887,775,1262.43,0.627,378,49481056,46757368,8.1Mbps,1503,
1923.030,42.556,856,775,1262.62,0.634,383,49565040,46757368,7.9Mbps,1556,
1923.130,42.656,828,775,1262.52,0.637,388,49650472,46757368,7.6Mbps,1610,
1923.231,42.756,796,775,1262.6,0.648,394,49733008,46757368,7.3Mbps,1661,
1923.331,42.856,774,775,1262.5,0.643,399,49827128,46757368,7.1Mbps,1721,
1923.431,42.956,767,775,1262.63,0.602,406,49947312,46757368,7.0Mbps,1797,
1923.531,43.056,775,775,1231.41,3.481,407,50079080,46910856,7.3Mbps,1781,
1923.631,43.156,775,775,1188.01,3.889,407,50199264,47133848,7.6Mbps,1710,
1923.731,43.256,775,775,1145.23,3.59,407,50319448,47278648,7.8Mbps,1693,
1923.831,43.357,775,775,1102.83,3.65,407,50438184,47453856,8.1Mbps,1654,
1923.931,43.457,775,775,1059.61,3.681,407,50558368,47631960,8.5Mbps,1614,
1924.032,43.557,775,775,1016.55,3.721,407,50678552,47824544,8.8Mbps,1564,
1924.132,43.657,775,775,973.39,3.686,407,50798736,48033056,9.2Mbps,1503,
1924.232,43.757,775,775,930.672,3.636,407,50917472,48190888,9.6Mbps,1476,
1924.332,43.857,775,775,927.641,0.24,407,51037656,48308176,9.7Mbps,1478,
1924.432,43.957,775,775,938.339,1.04,407,51156392,49444856,9.6Mbps,775,
1924.532,44.057,778,775,939.079,0.417,407,51280920,49566488,9.6Mbps,777,
1924.632,44.158,781,775,939.125,0.514,407,51405448,49685224,9.6Mbps,781,
1924.732,44.258,785,775,939.058,0.417,407,51529976,49803960,9.7Mbps,785,
1924.833,44.358,789,775,939.145,0.469,407,51657400,49925592,9.7Mbps,789,
1924.933,44.458,794,775,939.134,0.485,407,51781928,50044328,9.8Mbps,793,
1925.033,44.558,799,775,939.029,0.358,407,51909352,50163064,9.9Mbps,799,
1925.133,44.658,805,775,938.964,0.315,407,52039672,50284696,9.9Mbps,805,
1925.233,44.758,811,775,938.848,0.129,407,52165648,50403432,10.0Mbps,810,
1925.333,44.858,817,775,937.958,0.377,407,52293072,50522168,10.1Mbps,816,
1925.433,44.959,823,775,939.756,0.268,407,52424840,50643800,10.1Mbps,823,
1925.533,45.059,829,775,942.667,0.747,407,52550816,50762536,10.2Mbps,828,
1925.634,45.159,836,775,946.667,0.669,407,52679688,50881272,10.2Mbps,835,
1925.734,45.259,843,775,951.355,0.869,407,52811456,51002904,10.3Mbps,842,
1925.834,45.359,849,775,956.567,1.462,407,52938880,51120192,10.3Mbps,849,
1925.934,45.459,856,775,962.201,1.201,407,53069200,51241824,10.3Mbps,855,
1926.034,45.559,863,775,968.154,1.406,407,53199520,51360560,10.3Mbps,863,
1926.134,45.659,870,775,974.615,0.755,407,53328392,51479296,10.3Mbps,870,
1926.234,45.760,876,775,981.678,1.086,407,53457264,51600928,10.3Mbps,875,
1926.334,45.860,883,775,988.499,1.536,407,53586136,51719664,10.3Mbps,882,
1926.435,45.960,889,775,995.419,1.688,407,53715008,51838400,10.3Mbps,889,
1926.535,46.060,895,775,1002.52,0.986,407,53842432,51958584,10.3Mbps,894,
1926.635,46.160,902,775,1009.96,1.886,407,53972752,52078768,10.3Mbps,901,
1926.735,46.260,908,775,1017.41,1.855,407,54103072,52198952,10.3Mbps,908,
1926.835,46.360,914,775,1025.15,1.391,407,54229048,52317688,10.3Mbps,913,
1926.935,46.460,920,775,1032.76,1.14,407,54360816,52439320,10.3Mbps,920,
1927.035,46.561,926,775,1039.91,1.134,407,54485344,52556608,10.3Mbps,925,
1927.135,46.661,932,775,1047.8,1.234,407,54615664,52678240,10.3Mbps,931,
1927.236,46.761,938,775,1055.63,1.238,407,54744536,52798424,10.3Mbps,937,
1927.336,46.861,944,775,1062.65,1.454,407,54870512,52915712,10.3Mbps,943,
1927.436,46.961,949,775,1069.88,1.451,407,55000832,53037344,10.3Mbps,949,
1927.536,47.061,955,775,1077.13,1.461,407,55126808,53156080,10.3Mbps,954,
1927.636,47.161,960,775,1084.08,1.826,407,55254232,53274816,10.3Mbps,960,
1927.736,47.261,965,775,1090.52,1.065,407,55380208,53395000,10.3Mbps,964,
1927.836,47.361,971,775,1098.02,1.848,407,55507632,53513736,10.2Mbps,970,
1927.936,47.462,975,775,1105.35,0.949,407,55635056,53633920,10.2Mbps,975,
1928.037,47.562,980,775,1112.14,1.385,407,55762480,53754104,10.2Mbps,980,
1928.137,47.662,985,775,1118.95,1.649,407,55889904,53875736,10.2Mbps,984,
1928.237,47.762,990,775,1125.88,1.431,407,56017328,53994472,10.2Mbps,990,
1928.337,47.862,994,775,1132.26,1.666,407,56143304,54114656,10.2Mbps,994,
1928.437,47.962,999,775,1138.9,1.296,407,56267832,54233392,10.2Mbps,998,
1928.537,48.062,1003,775,1144.94,1.389,407,56392360,54352128,10.1Mbps,1002,
1928.637,48.162,1007,775,1151.42,0.8,407,56519784,54473760,10.1Mbps,1006,
1928.737,48.262,1011,775,1157.44,0.802,407,56644312,54592496,10.1Mbps,1010,
1928.837,48.363,1015,775,1163.95,1.225,407,56770288,54711232,10.1Mbps,1015,
1928.938,48.463,1019,775,1169.64,0.714,407,56896264,54832864,10.1Mbps,1018,
1929.038,48.563,1023,775,1175.13,0.919,407,57020792,54950152,10.1Mbps,1023,
1929.138,48.663,1027,775,1180.66,0.468,407,57148216,55071784,10.1Mbps,1027,
1929.238,48.763,1030,775,1186.54,0.776,407,57269848,55190520,10.1Mbps,1029,
1929.338,48.863,1034,775,1191.99,0.946,407,57397272,55312152,10.0Mbps,1033,
1929.438,48.963,1037,775,1197.76,1.504,407,57521800,55430888,10.0Mbps,1037,
1929.538,49.064,1040,775,1203.04,1.304,407,57646328,55551072,10.0Mbps,1040,
1929.638,49.164,1043,775,1208,1.187,407,57767960,55669808,10.0Mbps,1042,
1929.739,49.264,1046,775,1212.98,0.965,407,57891040,55788544,10.0Mbps,1045,
1929.839,49.364,1049,775,1217.47,1.126,407,58018464,55910176,10.0Mbps,1049,
1929.939,49.464,1052,775,1222.8,0.816,407,58141544,56028912,10.0Mbps,1052,
1930.039,49.564,1055,775,1227.37,1.005,407,58263176,56147648,10.0Mbps,1054,
1930.139,49.664,1057,775,1231.59,0.465,407,58389152,56269280,9.9Mbps,1057,
1930.239,49.764,1060,775,1236.28,1.005,407,58512232,56388016,9.9Mbps,1060,
1930.339,49.865,1062,775,1240.57,1.39,407,58633864,56506752,9.9Mbps,1062,
1930.439,49.965,1065,775,1244.65,0.69,407,58756944,56626936,9.9Mbps,1064,
1930.540,50.065,1067,775,1248.53,0.402,407,58878576,56745672,9.9Mbps,1066,
1930.640,50.165,1069,775,1252.77,1.138,407,59004552,56867304,9.9Mbps,1069,
1930.740,50.265,1071,775,1256.04,0.487,407,59126184,56987488,9.9Mbps,1070,
1930.840,50.365,1073,775,1260.63,0.553,407,59249264,57106224,9.9Mbps,1073,
1930.940,50.465,1067,752,1262.44,0.65,409,59362208,57190208,9.8Mbps,1091,
1931.040,50.565,1039,752,1262.43,0.665,412,59446192,57190208,9.5Mbps,1146,
1931.140,50.666,1011,752,1262.55,0.614,415,59530176,57190208,9.3Mbps,1201,
1931.240,50.766,984,752,1262.6,0.644,417,59612712,57190208,9.0Mbps,1256,
1931.341,50.866,955,752,1262.62,0.615,421,59696696,57190208,8.8Mbps,1310,
1931.441,50.966,928,752,1262.58,0.647,423,59780680,57190208,8.5Mbps,1366,
1931.541,51.066,902,752,1262.58,0.642,425,59864664,57190208,8.3Mbps,1422,
1931.641,51.166,875,752,1262.52,0.643,427,59948648,57190208,8.0Mbps,1478,
1931.741,51.266,847,752,1262.63,0.614,430,60032632,57190208,7.8Mbps,1533,
1931.841,51.366,819,752,1262.5,0.646,433,60115168,57190208,7.5Mbps,1587,
1931.941,51.467,792,752,1262.52,0.654,435,60199152,57190208,7.3Mbps,1643,
1932.041,51.567,765,752,1262.51,0.642,437,60283136,57190208,7.0Mbps,1699,
1932.142,51.667,751,752,1262.61,0.611,439,60384496,57190208,6.9Mbps,1767,
1932.242,51.767,752,752,1237.62,3.271,440,60509024,57311840,7.0Mbps,1768,
1932.342,51.867,752,752,1195.13,3.706,440,60627760,57500080,7.3Mbps,1720,
1932.442,51.967,752,752,1152.18,3.71,440,60746496,57708592,7.6Mbps,1658,
1932.542,52.067,752,752,1108.94,3.876,440,60866680,57872216,7.9Mbps,1628,
1932.642,52.167,752,752,1066.48,3.674,440,60985416,58030048,8.2Mbps,1601,
1932.742,52.267,752,752,1023.33,3.847,440,61105600,58206704,8.5Mbps,1562,
1932.842,52.368,752,752,980.159,3.726,440,61225784,58407976,8.9Mbps,1506,
1932.942,52.468,752,752,936.639,3.956,440,61345968,58551328,9.3Mbps,1490,
1933.043,52.568,752,752,908.375,0.098,440,61464704,58746808,9.6Mbps,1437,
1933.143,52.668,752,752,911.124,0.357,440,61581992,59857424,9.6Mbps,751,
1933.243,52.768,754,752,911.037,0.19,440,61706520,59979056,9.6Mbps,753,
1933.343,52.868,756,752,911.248,0.498,440,61828152,60097792,9.6Mbps,755,
1933.443,52.968,758,752,911.032,0.083,440,61952680,60219424,9.6Mbps,757,
1933.543,53.068,761,752,911.19,0.266,440,62077208,60338160,9.7Mbps,761,
1933.643,53.169,764,752,911.128,0.094,440,62198840,60456896,9.7Mbps,763,
1933.744,53.269,767,752,911.242,0.257,440,62326264,60578528,9.8Mbps,767,
1933.844,53.369,771,752,911.116,0.036,440,62450792,60697264,9.8Mbps,771,
1933.944,53.469,774,752,911.2,0.239,440,62573872,60816000,9.8Mbps,774,
1934.044,53.569,778,752,909.984,0.244,440,62698400,60936184,9.9Mbps,777,
1934.144,53.669,781,752,911.918,0.476,440,62822928,61054920,9.9Mbps,781,
1934.244,53.769,785,752,914.199,0.644,440,62950352,61176552,9.9Mbps,785,
1934.344,53.869,789,752,916.811,0.88,440,63074880,61295288,10.0Mbps,789,
1934.444,53.970,793,752,920.291,0.471,440,63199408,61415472,10.0Mbps,792,
1934.544,54.070,797,752,922.836,0.199,440,63323936,61534208,10.0Mbps,796,
1934.645,54.170,801,752,927.328,0.788,440,63451360,61655840,10.0Mbps,800,
1934.745,54.270,805,752,930.085,0.268,440,63575888,61774576,10.0Mbps,804,
1934.845,54.370,809,752,934.614,0.666,440,63700416,61893312,10.0Mbps,808,
1934.945,54.470,813,752,938.939,0.86,440,63826392,62012048,10.0Mbps,813,
1935.045,54.570,817,752,943.232,0.407,440,63952368,62132232,10.0Mbps,817,
1935.145,54.670,820,752,947.9,0.726,440,64076896,62253864,10.0Mbps,819,
1935.245,54.770,824,752,952.205,0.936,440,64201424,62372600,10.0Mbps,823,
1935.345,54.871,828,752,956.514,0.58,440,64325952,62491336,10.0Mbps,827,
1935.445,54.971,831,752,961.162,0.86,440,64453376,62612968,10.0Mbps,831,
1935.546,55.071,835,752,966.059,0.824,440,64576456,62731704,10.0Mbps,834,
1935.646,55.171,838,752,970.724,1.273,440,64700984,62850440,10.0Mbps,838,
1935.746,55.271,841,752,975.1,1.413,440,64825512,62970624,10.0Mbps,841,
1935.846,55.371,845,752,979.376,1.345,440,64950040,63089360,10.0Mbps,845,
1935.946,55.471,848,752,984.244,0.81,440,65074568,63209544,10.0Mbps,848,
1936.046,55.571,851,752,988.796,1.293,440,65200544,63331176,10.0Mbps,851,
1936.146,55.672,854,752,992.42,1.092,440,65320728,63448464,10.0Mbps,853,
1936.246,55.772,857,752,996.711,0.222,440,65448152,63570096,10.0Mbps,857,
1936.347,55.872,860,752,1001.38,0.566,440,65569784,63688832,9.9Mbps,859,
1936.447,55.972,862,752,1005.75,1.281,440,65692864,63807568,9.9Mbps,862,
1936.547,56.072,865,752,1009.19,1.081,440,65815944,63927752,9.9Mbps,864,
1936.647,56.172,867,752,1013.38,0.665,440,65941920,64049384,9.9Mbps,867,
1936.747,56.272,870,752,1017.86,1.085,440,66065000,64168120,9.9Mbps,870,
1936.847,56.372,872,752,1021.55,0.963,440,66188080,64288304,9.9Mbps,872,
1936.947,56.473,874,752,1024.59,0.152,440,66309712,64407040,9.9Mbps,874,
1937.047,56.573,877,752,1028.18,0.195,440,66434240,64527224,9.9Mbps,877,
1937.148,56.673,879,752,1031.49,0.646,440,66555872,64647408,9.9Mbps,878,
1937.248,56.773,881,752,1035.19,0.609,440,66677504,64766144,9.9Mbps,880,
1937.348,56.873,883,752,1037.98,0.03,440,66799136,64884880,9.9Mbps,882,
1937.448,56.973,885,752,1042.29,0.878,440,66923664,65006512,9.8Mbps,884,
1937.548,57.073,886,752,1045.16,0.18,440,67046744,65126696,9.8Mbps,886,
1937.648,57.173,888,752,1048.47,0.634,440,67166928,65243984,9.8Mbps,888,
1937.748,57.274,890,752,1051.22,0.315,440,67290008,65365616,9.8Mbps,889,
1937.848,57.374,891,752,1053.82,0.399,440,67411640,65485800,9.8Mbps,890,
1937.949,57.474,893,752,1056.15,0.041,440,67533272,65604536,9.8Mbps,892,
1938.049,57.574,894,752,1059.37,0.488,440,67654904,65723272,9.8Mbps,894,
1938.149,57.674,895,752,1062.24,0.19,440,67777984,65844904,9.8Mbps,895,
1938.249,57.774,897,752,1063.95,0.669,440,67896720,65962192,9.8Mbps,896,
1938.349,57.874,898,752,1065.88,0.021,440,68021248,66083824,9.8Mbps,898,
1938.449,57.975,899,752,1068.86,0.677,440,68139984,66202560,9.7Mbps,898,
1938.549,58.075,900,752,1070.7,0.034,440,68264512,66324192,9.7Mbps,900,
1938.650,58.175,901,752,1073.61,0.638,440,68383248,66442928,9.7Mbps,900,
1938.750,58.275,902,752,1075.49,0.091,440,68504880,66561664,9.7Mbps,902,
1938.850,58.375,903,752,1076.68,0.203,440,68626512,66681848,9.7Mbps,903,
1938.950,58.475,904,752,1077.96,0.008,440,68746696,66800584,9.7Mbps,904,
1939.050,58.575,905,752,1081.03,0.655,440,68868328,66922216,9.7Mbps,904,
1939.150,58.675,905,752,1082.73,0.081,440,68988512,67040952,9.7Mbps,905,
1939.250,58.776,906,752,1084.3,1.102,440,69108696,67159688,9.7Mbps,906,
1939.350,58.876,907,752,1085.23,0.016,440,69230328,67279872,9.7Mbps,907,
1939.451,58.976,907,752,1087.64,0.261,440,69350512,67400056,9.7Mbps,907,
1939.551,59.076,908,752,1087.69,0.013,440,69472144,67520240,9.7Mbps,908,
1939.651,59.176,908,752,1090.04,0.154,440,69590880,67638976,9.6Mbps,908,
1939.751,59.276,909,752,1090.32,0.512,440,69709616,67757712,9.7Mbps,908,
1939.851,59.376,909,752,1092.44,0.102,440,69831248,67879344,9.6Mbps,908,
1939.951,59.476,909,752,1093.69,0.071,440,69949984,67998080,9.6Mbps,908,
1940.051,59.577,910,752,1094.71,0.464,440,70071616,68118264,9.6Mbps,909,
1940.151,59.677,910,752,1094.92,0.028,440,70191800,68237000,9.6Mbps,910,
1940.252,59.777,910,752,1096.16,0.089,440,70311984,68357184,9.6Mbps,910,
1940.352,59.877,910,752,1097.1,0.307,440,70432168,68477368,9.6Mbps,910,
1940.452,59.977,911,752,1097.96,0.759,440,70552352,68596104,9.6Mbps,911,
